ID	original_genome_id	old_speceis_names	speceis_names_fig2	hex	id_table S1	Species name	Major clade	clade_order	Family	Genus	CUG usage
1	saprochaete_clavata	Saprochaete_clavata	Saprochaete_clavata	#FF2800	22	Saprochaete clavata	Dipodascaceae/Trichomonascaceae	3	Dipodascaceae	Saprochaete	Leu
2	yHMPu5000034974_deakozyma_indianensis_160519	yHMPu5000034974_Deakozyma_indianensis	Deakozyma_indianensis	#FF2800	39	Deakozyma indianensis	Dipodascaceae/Trichomonascaceae	3	Saccharomycetales incertae sedis	Deakozyma	Leu
3	clavispora_lusitaniae	Clavispora_lusitaniae	Clavispora_lusitaniae	#FFd200	135	Clavispora lusitaniae	CUG-Ser1	8	Metschnikowiaceae	Clavispora	Ser
4	yHMPu5000034999_cephaloascus_fragrans_160519	yHMPu5000034999_Cephaloascus_fragrans	Cephaloascus_fragrans	#FFd200	204	Cephaloascus fragrans	CUG-Ser1	8	Cephaloascaceae	Cephaloascus	Ser
5	yHMPu5000034998_cephaloascus_albidus_160519	yHMPu5000034998_Cephaloascus_albidus	Cephaloascus_albidus	#FFd200	205	Cephaloascus albidus	CUG-Ser1	8	Cephaloascaceae	Cephaloascus	Ser
6	babjeviella_inositovora	Babjeviella_inositovora	Babjeviella_inositovora	#FFd200	122	Babjeviella inositovora	CUG-Ser1	8	Debaryomycetaceae	Babjeviella	Ser
7	candida_dubliniensis	Candida_dubliniensis	Candida_dubliniensis	#FFd200	126	Candida dubliniensis	CUG-Ser1	8	Debaryomycetaceae	Candida	Ser
8	candida_albicans	Candida_albicans	Candida_albicans	#FFd200	123	Candida albicans	CUG-Ser1	8	Debaryomycetaceae	Candida	Ser
9	candida_parapsilosis	Candida_parapsilosis	Candida_parapsilosis	#FFd200	130	Candida parapsilosis	CUG-Ser1	8	Debaryomycetaceae	Candida	Ser
10	candida_homilentoma	Candida_homilentoma	Hyphopichia_homilentoma	#FFd200	127	Hyphopichia homilentoma	CUG-Ser1	8	Debaryomycetaceae	Hyphopichia	Ser
11	candida_tropicalis	Candida_tropicalis	Candida_tropicalis	#FFd200	134	Candida tropicalis	CUG-Ser1	8	Debaryomycetaceae	Candida	Ser
12	candida_orthopsilosis	Candida_orthopsilosis	Candida_orthopsilosis	#FFd200	129	Candida orthopsilosis	CUG-Ser1	8	Debaryomycetaceae	Candida	Ser
13	candida_carpophila	Candida_carpophila	Candida_carpophila	#FFd200	125	Candida carpophila	CUG-Ser1	8	Debaryomycetaceae	Candida	Ser
14	candida_tanzawaensis	Candida_tanzawaensis	Suhomyces_tanzawaensis	#FFd200	132	Suhomyces tanzawaensis	CUG-Ser1	8	Debaryomycetaceae	Suhomyces	Ser
15	candida_tenuis	Candida_tenuis	Yamadazyma_tenuis	#FFd200	133	Yamadazyma tenuis	CUG-Ser1	8	Debaryomycetaceae	Yamadazyma	Ser
16	yHMPu5000034632_candida_athensensis_160519	yHMPu5000034632_Candida_athensensis	Candida_athensensis	#FFd200	214	Candida athensensis	CUG-Ser1	8	Debaryomycetaceae	Candida	Ser
17	yHMPu5000035679_candida_rhagii_160613	yHMPu5000035679_Candida_rhagii	Candida_rhagii	#FFd200	186	Candida rhagii	CUG-Ser1	8	Debaryomycetaceae	Candida	Ser
18	yHMPu5000035681_candida_gotoi_160519	yHMPu5000035681_Candida_gotoi	Candida_gotoi	#FFd200	185	Candida gotoi	CUG-Ser1	8	Debaryomycetaceae	Candida	Ser
19	yHMPu5000034643_candida_schatavii_160519	yHMPu5000034643_Candida_schatavii	Candida_schatavii	#FFd200	213	Candida schatavii	CUG-Ser1	8	Debaryomycetaceae	Candida	Ser
20	yHMPu5000035031_candida_kruisii_160519	yHMPu5000035031_Candida_kruisii	Teunomyces_kruisii	#FFd200	200	Teunomyces kruisii	CUG-Ser1	8	Debaryomycetaceae	Teunomyces	Ser
21	yHMPu5000035302_candida_fragi_160928	yHMPu5000035302_Candida_fragi	Candida_fragi	#FFd200	194	Candida fragi	CUG-Ser1	8	Debaryomycetaceae	Candida	Ser
22	debaryomyces_hansenii	Debaryomyces_hansenii	Debaryomyces_hansenii	#FFd200	136	Debaryomyces hansenii	CUG-Ser1	8	Debaryomycetaceae	Debaryomyces	Ser
23	yHMPu5000041713_debaryomyces_maramus_160928	yHMPu5000041713_Debaryomyces_maramus	Debaryomyces_maramus	#FFd200	181	Debaryomyces maramus	CUG-Ser1	8	Debaryomycetaceae	Debaryomyces	Ser
24	yHMPu5000041693_debaryomyces_nepalensis_160928	yHMPu5000041693_Debaryomyces_nepalensis	Debaryomyces_nepalensis	#FFd200	182	Debaryomyces nepalensis	CUG-Ser1	8	Debaryomycetaceae	Debaryomyces	Ser
25	yHMPu5000041829_debaryomyces_fabryi_160928	yHMPu5000041829_Debaryomyces_fabryi	Debaryomyces_fabryi	#FFd200	178	Debaryomyces fabryi	CUG-Ser1	8	Debaryomycetaceae	Debaryomyces	Ser
26	hyphopichia_burtonii	Hyphopichia_burtonii	Hyphopichia_burtonii	#FFd200	137	Hyphopichia burtonii	CUG-Ser1	8	Debaryomycetaceae	Hyphopichia	Ser
27	yHMPu5000035318_hyphopichia_heimii_160928	yHMPu5000035318_Hyphopichia_heimii	Hyphopichia_heimii	#FFd200	193	Hyphopichia heimii	CUG-Ser1	8	Debaryomycetaceae	Hyphopichia	Ser
28	yHMPu5000035667_kurtzmaniella_cleridarum_160928	yHMPu5000035667_Kurtzmaniella_cleridarum	Kurtzmaniella_cleridarum	#FFd200	188	Kurtzmaniella cleridarum	CUG-Ser1	8	Debaryomycetaceae	Kurtzmaniella	Ser
29	lodderomyces_elongisporus	Lodderomyces_elongisporus	Lodderomyces_elongisporus	#FFd200	138	Lodderomyces elongisporus	CUG-Ser1	8	Debaryomycetaceae	Lodderomyces	Ser
30	meyerozyma_guilliermondii	Meyerozyma_guilliermondii	Meyerozyma_guilliermondii	#FFd200	162	Meyerozyma guilliermondii	CUG-Ser1	8	Debaryomycetaceae	Meyerozyma	Ser
31	yHMPu5000035665_middelhovenomyces_tepae_160613	yHMPu5000035665_Middelhovenomyces_tepae	Middelhovenomyces_tepae	#FF2800	32	Middelhovenomyces tepae	Dipodascaceae/Trichomonascaceae	3	Saccharomycetales incertae sedis	Middelhovenomyces	Leu
32	millerozyma_acaciae	Millerozyma_acaciae	Millerozyma_acaciae	#FFd200	163	Millerozyma acaciae	CUG-Ser1	8	Debaryomycetaceae	Millerozyma	Ser
33	yHMPu5000034883_peterozyma_xylosa_160519	yHMPu5000034883_Peterozyma_xylosa	Peterozyma_xylosa	#6A3906	60	Peterozyma xylosa	CUG-Ala	6	Saccharomycetales incertae sedis	Peterozyma	Ala
34	yHMPu5000034884_peterozyma_toletana_160519	yHMPu5000034884_Peterozyma_toletana	Peterozyma_toletana	#6A3906	59	Peterozyma toletana	CUG-Ala	6	Saccharomycetales incertae sedis	Peterozyma	Ala
35	priceomyces_haplophilus	Priceomyces_haplophilus	Priceomyces_haplophilus	#FFd200	164	Priceomyces haplophilus	CUG-Ser1	8	Debaryomycetaceae	Priceomyces	Ser
36	yHMPu5000034606_priceomyces_medius_160519	yHMPu5000034606_Priceomyces_medius	Priceomyces_medius	#FFd200	215	Priceomyces medius	CUG-Ser1	8	Debaryomycetaceae	Priceomyces	Ser
37	yHMPu5000035296_priceomyces_carsonii_160928	yHMPu5000035296_Priceomyces_carsonii	Priceomyces_carsonii	#FFd200	196	Priceomyces carsonii	CUG-Ser1	8	Debaryomycetaceae	Priceomyces	Ser
38	scheffersomyces_lignosus	Scheffersomyces_lignosus	Scheffersomyces_lignosus	#FFd200	165	Scheffersomyces lignosus	CUG-Ser1	8	Debaryomycetaceae	Scheffersomyces	Ser
39	scheffersomyces_stipitis	Scheffersomyces_stipitis	Scheffersomyces_stipitis	#FFd200	166	Scheffersomyces stipitis	CUG-Ser1	8	Debaryomycetaceae	Scheffersomyces	Ser
40	spathaspora_passalidarum	Spathaspora_passalidarum	Spathaspora_passalidarum	#FFd200	171	Spathaspora passalidarum	CUG-Ser1	8	Debaryomycetaceae	Spathaspora	Ser
41	spathaspora_arborariae	Spathaspora_arborariae	Spathaspora_arborariae	#FFd200	167	Spathaspora arborariae	CUG-Ser1	8	Debaryomycetaceae	Spathaspora	Ser
42	wickerhamia_fluorescens	Wickerhamia_fluorescens	Wickerhamia_fluorescens	#FFd200	172	Wickerhamia fluorescens	CUG-Ser1	8	Debaryomycetaceae	Wickerhamia	Ser
43	yHMPu5000035641_yamadazyma_scolyti_160613	yHMPu5000035641_Yamadazyma_scolyti	Yamadazyma_scolyti	#FFd200	190	Yamadazyma scolyti	CUG-Ser1	8	Debaryomycetaceae	Yamadazyma	Ser
44	yHMPu5000035640_yamadazyma_philogaea_160519	yHMPu5000035640_Yamadazyma_philogaea	Yamadazyma_philogaea	#FFd200	191	Yamadazyma philogaea	CUG-Ser1	8	Debaryomycetaceae	Yamadazyma	Ser
45	yHMPu5000035252_yamadazyma_nakazawae_160928	yHMPu5000035252_Yamadazyma_nakazawae	Yamadazyma_nakazawae	#FFd200	197	Yamadazyma nakazawae	CUG-Ser1	8	Debaryomycetaceae	Yamadazyma	Ser
46	yHMPu5000034654_aciculoconidium_aculeatum_160519	yHMPu5000034654_Aciculoconidium_aculeatum	Aciculoconidium_aculeatum	#FFd200	211	Aciculoconidium aculeatum	CUG-Ser1	8	Metschnikowiaceae	Aciculoconidium	Ser
47	candida_intermedia	Candida_intermedia	Candida_intermedia	#FFd200	128	Candida intermedia	CUG-Ser1	8	Metschnikowiaceae	Candida	Ser
48	yHMPu5000034986_candida_oregonensis_160519	yHMPu5000034986_Candida_oregonensis	Candida_oregonensis	#FFd200	208	Candida oregonensis	CUG-Ser1	8	Metschnikowiaceae	Candida	Ser
49	yHMPu5000034648_candida_restingae_160519	yHMPu5000034648_Candida_restingae	Candida_restingae	#FFd200	212	Candida restingae	CUG-Ser1	8	Metschnikowiaceae	Candida	Ser
50	candida_auris	Candida_auris	Candida_auris	#FFd200	124	Candida auris	CUG-Ser1	8	Metschnikowiaceae	Candida	Ser
51	yHMPu5000034988_candida_fructus_160519	yHMPu5000034988_Candida_fructus	Candida_fructus	#FFd200	207	Candida fructus	CUG-Ser1	8	Metschnikowiaceae	Candida	Ser
52	yHMPu5000034973_danielozyma_ontarioensis_160519	yHMPu5000034973_Danielozyma_ontarioensis	Danielozyma_ontarioensis	#FFd200	209	Danielozyma ontarioensis	CUG-Ser1	8	Metschnikowiaceae	Danielozyma	Ser
53	yHMPu5000034665_kodamaea_laetipori_160519	yHMPu5000034665_Kodamaea_laetipori	Kodamaea_laetipori	#FFd200	210	Kodamaea laetipori	CUG-Ser1	8	Metschnikowiaceae	Kodamaea	Ser
54	yHMPu5000035677_kodamaea_ohmeri_160519	yHMPu5000035677_Kodamaea_ohmeri	Kodamaea_ohmeri	#FFd200	187	Kodamaea ohmeri	CUG-Ser1	8	Metschnikowiaceae	Kodamaea	Ser
55	metschnikowia_bicuspidata	Metschnikowia_bicuspidata	Metschnikowia_bicuspidata_var._bicuspidata	#FFd200	141	Metschnikowia bicuspidata var. bicuspidata	CUG-Ser1	8	Metschnikowiaceae	Metschnikowia	Ser
56	metschnikowia_hibisci	Metschnikowia_hibisci	Metschnikowia_hibisci	#FFd200	150	Metschnikowia hibisci	CUG-Ser1	8	Metschnikowiaceae	Metschnikowia	Ser
57	metschnikowia_aberdeeniae	Metschnikowia_aberdeeniae	Metschnikowia_aberdeeniae	#FFd200	139	Metschnikowia aberdeeniae	CUG-Ser1	8	Metschnikowiaceae	Metschnikowia	Ser
58	metschnikowia_kipukae	Metschnikowia_kipukae	Metschnikowia_kipukae	#FFd200	153	Metschnikowia kipukae	CUG-Ser1	8	Metschnikowiaceae	Metschnikowia	Ser
59	metschnikowia_shivogae	Metschnikowia_shivogae	Metschnikowia_shivogae	#FFd200	160	Metschnikowia shivogae	CUG-Ser1	8	Metschnikowiaceae	Metschnikowia	Ser
60	metschnikowia_dekortum	Metschnikowia_dekortum	Metschnikowia_dekortorum	#FFd200	146	Metschnikowia dekortorum	CUG-Ser1	8	Metschnikowiaceae	Metschnikowia	Ser
61	metschnikowia_drakensbergensis	Metschnikowia_drakensbergensis	Metschnikowia_drakensbergensis	#FFd200	147	Metschnikowia drakensbergensis	CUG-Ser1	8	Metschnikowiaceae	Metschnikowia	Ser
62	metschnikowia_kamakouana	Metschnikowia_kamakouana	Metschnikowia_kamakouana	#FFd200	152	Metschnikowia kamakouana	CUG-Ser1	8	Metschnikowiaceae	Metschnikowia	Ser
63	metschnikowia_proteae	Metschnikowia_proteae	Metschnikowia_proteae	#FFd200	158	Metschnikowia proteae	CUG-Ser1	8	Metschnikowiaceae	Metschnikowia	Ser
64	metschnikowia_mauinuiana	Metschnikowia_mauinuiana	Metschnikowia_mauinuiana	#FFd200	157	Metschnikowia mauinuiana	CUG-Ser1	8	Metschnikowiaceae	Metschnikowia	Ser
65	metschnikowia_matae_maris	Metschnikowia_matae_maris	Metschnikowia_matae_var._maris	#FFd200	156	Metschnikowia matae var. maris	CUG-Ser1	8	Metschnikowiaceae	Metschnikowia	Ser
66	metschnikowia_bowlesiae	Metschnikowia_bowlesiae	Metschnikowia_bowlesiae	#FFd200	143	Metschnikowia bowlesiae	CUG-Ser1	8	Metschnikowiaceae	Metschnikowia	Ser
67	metschnikowia_similis	Metschnikowia_similis	Metschnikowia_similis	#FFd200	161	Metschnikowia similis	CUG-Ser1	8	Metschnikowiaceae	Metschnikowia	Ser
68	metschnikowia_hawaiiensis	Metschnikowia_hawaiiensis	Metschnikowia_hawaiiensis	#FFd200	149	Metschnikowia hawaiiensis	CUG-Ser1	8	Metschnikowiaceae	Metschnikowia	Ser
69	candida_sojae	Candida_sojae	Candida_sojae	#FFd200	131	Candida sojae	CUG-Ser1	8	Debaryomycetaceae	Candida	Ser
70	spathaspora_girioi	Spathaspora_girioi	Spathaspora_girioi	#FFd200	168	Spathaspora girioi	CUG-Ser1	8	Debaryomycetaceae	Spathaspora	Ser
71	spathaspora_hagerdaliae	Spathaspora_hagerdaliae	Spathaspora_hagerdaliae	#FFd200	170	Spathaspora hagerdaliae	CUG-Ser1	8	Debaryomycetaceae	Spathaspora	Ser
72	spathaspora_gorwiae	Spathaspora_gorwiae	Spathaspora_gorwiae	#FFd200	169	Spathaspora gorwiae	CUG-Ser1	8	Debaryomycetaceae	Spathaspora	Ser
73	metschnikowia_ipomoeae	Metschnikowia_ipomoeae	Metschnikowia_ipomoeae	#FFd200	151	Metschnikowia ipomoeae	CUG-Ser1	8	Metschnikowiaceae	Metschnikowia	Ser
74	metschnikowia_arizonensis	Metschnikowia_arizonensis	Metschnikowia_arizonensis	#FFd200	140	Metschnikowia arizonensis	CUG-Ser1	8	Metschnikowiaceae	Metschnikowia	Ser
75	metschnikowia_matae	Metschnikowia_matae	Metschnikowia_matae_var._matae	#FFd200	155	Metschnikowia matae var. matae	CUG-Ser1	8	Metschnikowiaceae	Metschnikowia	Ser
76	metschnikowia_lockheadii	Metschnikowia_lockheadii	Metschnikowia_lochheadii	#FFd200	154	Metschnikowia lochheadii	CUG-Ser1	8	Metschnikowiaceae	Metschnikowia	Ser
77	metschnikowia_santaceciliae	Metschnikowia_santaceciliae	Metschnikowia_santaceciliae	#FFd200	159	Metschnikowia santaceciliae	CUG-Ser1	8	Metschnikowiaceae	Metschnikowia	Ser
78	metschnikowia_hamakuensis	Metschnikowia_hamakuensis	Metschnikowia_hamakuensis	#FFd200	148	Metschnikowia hamakuensis	CUG-Ser1	8	Metschnikowiaceae	Metschnikowia	Ser
79	metschnikowia_continentalis	Metschnikowia_continentalis	Metschnikowia_continentalis	#FFd200	145	Metschnikowia continentalis	CUG-Ser1	8	Metschnikowiaceae	Metschnikowia	Ser
80	metschnikowia_cerradonensis	Metschnikowia_cerradonensis	Metschnikowia_cerradonensis	#FFd200	144	Metschnikowia cerradonensis	CUG-Ser1	8	Metschnikowiaceae	Metschnikowia	Ser
81	metschnikowia_borealis	Metschnikowia_borealis	Metschnikowia_borealis	#FFd200	142	Metschnikowia borealis	CUG-Ser1	8	Metschnikowiaceae	Metschnikowia	Ser
82	yHMPu5000035662_meyerozyma_caribbica_160613	yHMPu5000035662_Meyerozyma_caribbica	Meyerozyma_caribbica	#FFd200	189	Meyerozyma caribbica	CUG-Ser1	8	Debaryomycetaceae	Meyerozyma	Ser
83	yHMPu5000035033_candida_cretensis_160519	yHMPu5000035033_Candida_cretensis	Teunomyces_cretensis	#FFd200	198	Teunomyces cretensis	CUG-Ser1	8	Debaryomycetaceae	Teunomyces	Ser
84	yHMPu5000041863_candida_gorgasii_160928	yHMPu5000041863_Candida_gorgasii	Candida_gorgasii	#FFd200	173	Candida gorgasii	CUG-Ser1	8	Debaryomycetaceae	Candida	Ser
85	yHMPu5000035011_candida_pyralidae_160519	yHMPu5000035011_Candida_pyralidae	Suhomyces_pyralidae	#FFd200	203	Suhomyces pyralidae	CUG-Ser1	8	Debaryomycetaceae	Suhomyces	Ser
86	yHMPu5000041833_candida_tammaniensis_160928	yHMPu5000041833_Candida_tammaniensis	Candida_tammaniensis	#FFd200	177	Candida tammaniensis	CUG-Ser1	8	Debaryomycetaceae	Candida	Ser
87	yHMPu5000035018_candida_canberraensis_160519	yHMPu5000035018_Candida_canberraensis	Suhomyces_canberraensis	#FFd200	202	Suhomyces canberraensis	CUG-Ser1	8	Debaryomycetaceae	Suhomyces	Ser
88	yHMPu5000035022_candida_emberorum_160519	yHMPu5000035022_Candida_emberorum	Suhomyces_emberorum	#FFd200	201	Suhomyces emberorum	CUG-Ser1	8	Debaryomycetaceae	Suhomyces	Ser
89	yHMPu5000035032_candida_gatunensis_160519	yHMPu5000035032_Candida_gatunensis	Teunomyces_gatunensis	#FFd200	199	Teunomyces gatunensis	CUG-Ser1	8	Debaryomycetaceae	Teunomyces	Ser
90	yHMPu5000034990_candida_corydali_160519	yHMPu5000034990_Candida_corydali	Candida_corydali	#FFd200	206	Candida corydali	CUG-Ser1	8	Debaryomycetaceae	Candida	Ser
91	yHMPu5000041855_candida_ascalaphidarum_160928	yHMPu5000041855_Candida_ascalaphidarum	Candida_ascalaphidarum	#FFd200	175	Candida ascalaphidarum	CUG-Ser1	8	Debaryomycetaceae	Candida	Ser
92	yHMPu5000041840_candida_wancherniae_160928	yHMPu5000041840_Candida_wancherniae	Candida_wancherniae	#FFd200	176	Candida wancherniae	CUG-Ser1	8	Metschnikowiaceae	Candida	Ser
93	yHMPu5000035707_candida_heveicola_160519	yHMPu5000035707_Candida_heveicola	Candida_heveicola	#FFd200	184	Candida heveicola	CUG-Ser1	8	Metschnikowiaceae	Candida	Ser
94	yHMPu5000035335_candida_blattae_160928	yHMPu5000035335_Candida_blattae	Candida_blattae	#FFd200	192	Candida blattae	CUG-Ser1	8	Metschnikowiaceae	Candida	Ser
95	yHMPu5000041743_candida_hawaiiana_160928	yHMPu5000041743_Candida_hawaiiana	Candida_hawaiiana	#FFd200	180	Candida hawaiiana	CUG-Ser1	8	Metschnikowiaceae	Candida	Ser
96	yHMPu5000041862_candida_golubevii_160928	yHMPu5000041862_Candida_golubevii	Candida_golubevii	#FFd200	174	Candida golubevii	CUG-Ser1	8	Metschnikowiaceae	Candida	Ser
97	yHMPu5000041824_debaryomyces_subglobosus_160928	yHMPu5000041824_Debaryomyces_subglobosus	Debaryomyces_subglobosus	#FFd200	179	Debaryomyces subglobosus	CUG-Ser1	8	Debaryomycetaceae	Debaryomyces	Ser
98	yHMPu5000041678_debaryomyces_prosopidis_160928	yHMPu5000041678_Debaryomyces_prosopidis	Debaryomyces_prosopidis	#FFd200	183	Debaryomyces prosopidis	CUG-Ser1	8	Debaryomycetaceae	Debaryomyces	Ser
99	yHMPu5000035297_priceomyces_castillae_160928	yHMPu5000035297_Priceomyces_castillae	Priceomyces_castillae	#FFd200	195	Priceomyces castillae	CUG-Ser1	8	Debaryomycetaceae	Priceomyces	Ser
100	ogataea_polymorpha	Ogataea_polymorpha	Ogataea_polymorpha	#FF8200	73	Ogataea polymorpha	Pichiaceae	7	Pichiaceae	Ogataea	Leu
101	pichia_membranifaciens	Pichia_membranifaciens	Pichia_membranifaciens	#FF8200	74	Pichia membranifaciens	Pichiaceae	7	Pichiaceae	Pichia	Leu
102	brettanomyces_anomalus	Brettanomyces_anomalus	Brettanomyces_anomalus	#FF8200	63	Brettanomyces anomalus	Pichiaceae	7	Pichiaceae	Brettanomyces	Leu
103	yHMPu5000026197_brettanomyces_custersianus_160519	yHMPu5000026197_Brettanomyces_custersianus	Brettanomyces_custersianus	#FF8200	117	Brettanomyces custersianus	Pichiaceae	7	Pichiaceae	Brettanomyces	Leu
104	candida_boidinii_JCM9604	Candida_boidinii_JCM9604	Candida_boidinii	#FF8200	65	Candida boidinii	Pichiaceae	7	Pichiaceae	Candida	Leu
105	candida_succiphila	Candida_succiphila	Candida_succiphila	#FF8200	67	Candida succiphila	Pichiaceae	7	Pichiaceae	Candida	Leu
106	candida_arabinofermentans	Candida_arabinofermentans	Candida_arabinofermentans	#FF8200	64	Candida arabinofermentans	Pichiaceae	7	Pichiaceae	Candida	Leu
107	dekkera_bruxellensis	Dekkera_bruxellensis	Brettanomyces_bruxellensis	#FF8200	68	Brettanomyces bruxellensis	Pichiaceae	7	Pichiaceae	Brettanomyces	Leu
108	yHMPu5000035674_kregervanrija_delftensis_160613	yHMPu5000035674_Kregervanrija_delftensis	Kregervanrija_delftensis	#FF8200	76	Kregervanrija delftensis	Pichiaceae	7	Pichiaceae	Kregervanrija	Leu
109	yHMPu5000035675_kregervanrija_fluxuum_160613	yHMPu5000035675_Kregervanrija_fluxuum	Kregervanrija_fluxuum	#FF8200	75	Kregervanrija fluxuum	Pichiaceae	7	Pichiaceae	Kregervanrija	Leu
110	nakazawaea_peltata	Nakazawaea_peltata	Nakazawaea_peltata	#6A3906	56	Nakazawaea peltata	CUG-Ala	6	Saccharomycetales incertae sedis	Nakazawaea	Ala
111	yHMPu5000034918_nakazawaea_holstii_160519	yHMPu5000034918_Nakazawaea_holstii	Nakazawaea_holstii	#6A3906	58	Nakazawaea holstii	CUG-Ala	6	Saccharomycetales incertae sedis	Nakazawaea	Ala
112	ogataea_methanolica	Ogataea_methanolica	Ogataea_methanolica	#FF8200	71	Ogataea methanolica	Pichiaceae	7	Pichiaceae	Ogataea	Leu
113	yHMPu5000034904_ogataea_nonfermentans_160519	yHMPu5000034904_Ogataea_nonfermentans	Ogataea_nonfermentans	#FF8200	88	Ogataea nonfermentans	Pichiaceae	7	Pichiaceae	Ogataea	Leu
114	ogataea_parapolymorpha	Ogataea_parapolymorpha	Ogataea_parapolymorpha	#FF8200	72	Ogataea parapolymorpha	Pichiaceae	7	Pichiaceae	Ogataea	Leu
115	yHMPu5000034902_ogataea_minuta_160519	yHMPu5000034902_Ogataea_minuta	Ogataea_minuta	#FF8200	90	Ogataea minuta	Pichiaceae	7	Pichiaceae	Ogataea	Leu
116	yHMPu5000034624_pichia_nakasei_160519	yHMPu5000034624_Pichia_nakasei	Pichia_nakasei	#FF8200	107	Pichia nakasei	Pichiaceae	7	Pichiaceae	Pichia	Leu
117	yHMPu5000034615_saturnispora_zaruensis_160519	yHMPu5000034615_Saturnispora_zaruensis	Saturnispora_zaruensis	#FF8200	110	Saturnispora zaruensis	Pichiaceae	7	Pichiaceae	Saturnispora	Leu
118	yHMPu5000034612_saturnispora_saitoi_160519	yHMPu5000034612_Saturnispora_saitoi	Saturnispora_saitoi	#FF8200	113	Saturnispora saitoi	Pichiaceae	7	Pichiaceae	Saturnispora	Leu
119	yHMPu5000035659_saturnispora_dispora_160519	yHMPu5000035659_Saturnispora_dispora	Saturnispora_dispora	#FF8200	77	Saturnispora dispora	Pichiaceae	7	Pichiaceae	Saturnispora	Leu
120	ambrosiozyma_kashinagacola	Ambrosiozyma_kashinagacola	Ambrosiozyma_kashinagacola	#FF8200	61	Ambrosiozyma kashinagacola	Pichiaceae	7	Saccharomycetales incertae sedis	Ambrosiozyma	Leu
121	ambrosiozyma_monospora	Ambrosiozyma_monospora	Ambrosiozyma_monospora	#FF8200	62	Ambrosiozyma monospora	Pichiaceae	7	Saccharomycetales incertae sedis	Ambrosiozyma	Leu
122	yHMPu5000035040_ambrosiozyma_maleeae_160519	yHMPu5000035040_Ambrosiozyma_maleeae	Ambrosiozyma_maleeae	#FF8200	80	Ambrosiozyma maleeae	Pichiaceae	7	Saccharomycetales incertae sedis	Ambrosiozyma	Leu
123	yHMPu5000035691_candida_salmanticensis_160519	yHMPu5000035691_Candida_salmanticensis	Groenewaldozyma_salmanticensis	#FF2800	31	Groenewaldozyma salmanticensis	Dipodascaceae/Trichomonascaceae	3	Saccharomycetales incertae sedis	Groenewaldozyma	Leu
124	kuraishia_capsulata	Kuraishia_capsulata	Kuraishia_capsulata	#FF8200	70	Kuraishia capsulata	Pichiaceae	7	Saccharomycetales incertae sedis	Kuraishia	Leu
125	yHMPu5000034932_kuraishia_ogatae_160519	yHMPu5000034932_Kuraishia_ogatae	Kuraishia_ogatae	#FF8200	87	Kuraishia ogatae	Pichiaceae	7	Saccharomycetales incertae sedis	Kuraishia	Leu
126	yHMPu5000034933_kuraishia_molischiana_160519	yHMPu5000034933_Kuraishia_molischiana	Kuraishia_molischiana	#FF8200	86	Kuraishia molischiana	Pichiaceae	7	Saccharomycetales incertae sedis	Kuraishia	Leu
127	pachysolen_tannophilus	Pachysolen_tannophilus	Pachysolen_tannophilus	#6A3906	57	Pachysolen tannophilus	CUG-Ala	6	Saccharomycetales incertae sedis	Pachysolen	Ala
128	yHMPu5000034631_martiniozyma_abiesophila_161215	yHMPu5000034631_Martiniozyma_abiesophila	Martiniozyma_abiesophila	#FF8200	103	Martiniozyma abiesophila	Pichiaceae	7	Pichiaceae	Martiniozyma	Leu
129	yHMPu5000035037_candida_montana_160519	yHMPu5000035037_Candida_montana	Candida_montana	#00e4ff	248	Candida montana	Phaffomycetaceae	10	Phaffomycetaceae	Candida	Leu
130	yHMPu5000034967_candida_freyschussii_160519	yHMPu5000034967_Candida_freyschussii	Candida_freyschussii	#00e4ff	251	Candida freyschussii	Phaffomycetaceae	10	Phaffomycetaceae	Candida	Leu
131	yHMPu5000035244_candida_incommunis_160928	yHMPu5000035244_Candida_incommunis	Candida_incommunis	#FF2800	36	Candida incommunis	Dipodascaceae/Trichomonascaceae	3	Saccharomycetales incertae sedis	Candida	Leu
132	yHMPu5000034887_ogataea_trehaloabstinens_160519	yHMPu5000034887_Ogataea_trehaloabstinens	Ogataea_trehaloabstinens	#FF8200	98	Ogataea trehaloabstinens	Pichiaceae	7	Pichiaceae	Ogataea	Leu
133	yHMPu5000034637_ogataea_populiabae_160519	yHMPu5000034637_Ogataea_populiabae	Ogataea_populialbae	#FF8200	101	Ogataea populialbae	Pichiaceae	7	Pichiaceae	Ogataea	Leu
134	yHMPu5000034903_ogataea_naganishii_160519	yHMPu5000034903_Ogataea_naganishii	Ogataea_naganishii	#FF8200	89	Ogataea naganishii	Pichiaceae	7	Pichiaceae	Ogataea	Leu
135	yHMPu5000034891_ogataea_pini_160519	yHMPu5000034891_Ogataea_pini	Ogataea_pini	#FF8200	96	Ogataea pini	Pichiaceae	7	Pichiaceae	Ogataea	Leu
136	yHMPu5000034899_ogataea_kodamae_160519	yHMPu5000034899_Ogataea_kodamae	Ogataea_kodamae	#FF8200	92	Ogataea kodamae	Pichiaceae	7	Pichiaceae	Ogataea	Leu
137	yHMPu5000034890_ogataea_ramenticola_160519	yHMPu5000034890_Ogataea_ramenticola	Ogataea_ramenticola	#FF8200	97	Ogataea ramenticola	Pichiaceae	7	Pichiaceae	Ogataea	Leu
138	yHMPu5000034893_ogataea_philodendra_160519	yHMPu5000034893_Ogataea_philodendra	Ogataea_philodendri	#FF8200	94	Ogataea philodendri	Pichiaceae	7	Pichiaceae	Ogataea	Leu
139	yHMPu5000034897_ogataea_glucozyma_160519	yHMPu5000034897_Ogataea_glucozyma	Ogataea_glucozyma	#FF8200	93	Ogataea glucozyma	Pichiaceae	7	Pichiaceae	Ogataea	Leu
140	yHMPu5000026124_ogataea_henricii_160519	yHMPu5000026124_Ogataea_henricii	Ogataea_henricii	#FF8200	121	Ogataea henricii	Pichiaceae	7	Pichiaceae	Ogataea	Leu
141	yHMPu5000034885_ogataea_zsoltii_160519	yHMPu5000034885_Ogataea_zsoltii	Ogataea_zsoltii	#FF8200	100	Ogataea zsoltii	Pichiaceae	7	Pichiaceae	Ogataea	Leu
142	yHMPu5000034901_ogataea_methylivora_160519	yHMPu5000034901_Ogataea_methylivora	Ogataea_methylivora	#FF8200	91	Ogataea methylivora	Pichiaceae	7	Pichiaceae	Ogataea	Leu
143	yHMPu5000034886_ogataea_trehalophila_160519	yHMPu5000034886_Ogataea_trehalophila	Ogataea_trehalophila	#FF8200	99	Ogataea trehalophila	Pichiaceae	7	Pichiaceae	Ogataea	Leu
144	yHMPu5000034636_ogataea_nitratoaversa_160519	yHMPu5000034636_Ogataea_nitratoaversa	Ogataea_nitratoaversa	#FF8200	102	Ogataea nitratoaversa	Pichiaceae	7	Pichiaceae	Ogataea	Leu
145	yHMPu5000034892_ogataea_pilisensis_160519	yHMPu5000034892_Ogataea_pilisensis	Ogataea_pilisensis	#FF8200	95	Ogataea pilisensis	Pichiaceae	7	Pichiaceae	Ogataea	Leu
146	yHMPu5000034629_pichia_exigua_160519	yHMPu5000034629_Pichia_exigua	Pichia_exigua	#FF8200	104	Pichia exigua	Pichiaceae	7	Pichiaceae	Pichia	Leu
147	yHMPu5000035301_pichia_terricola_160928	yHMPu5000035301_Pichia_terricola	Pichia_terricola	#FF8200	78	Pichia terricola	Pichiaceae	7	Pichiaceae	Pichia	Leu
148	yHMPu5000034622_pichia_occidentalis_160519	yHMPu5000034622_Pichia_occidentalis	Pichia_occidentalis	#FF8200	109	Pichia occidentalis	Pichiaceae	7	Pichiaceae	Pichia	Leu
149	yHMPu5000034625_pichia_kudriavzevii_160519	yHMPu5000034625_Pichia_kudriavzevii	Pichia_kudriavzevii	#FF8200	106	Pichia kudriavzevii	Pichiaceae	7	Pichiaceae	Pichia	Leu
150	yHMPu5000034623_pichia_norvegensis_160519	yHMPu5000034623_Pichia_norvegensis	Pichia_norvegensis	#FF8200	108	Pichia norvegensis	Pichiaceae	7	Pichiaceae	Pichia	Leu
151	yHMPu5000034627_pichia_heedii_160519	yHMPu5000034627_Pichia_heedii	Pichia_heedii	#FF8200	105	Pichia heedii	Pichiaceae	7	Pichiaceae	Pichia	Leu
152	yHMPu5000034614_saturnispora_silvae_160519	yHMPu5000034614_Saturnispora_silvae	Saturnispora_silvae	#FF8200	111	Saturnispora silvae	Pichiaceae	7	Pichiaceae	Saturnispora	Leu
153	yHMPu5000034610_saturnispora_hagleri_160519	yHMPu5000034610_Saturnispora_hagleri	Saturnispora_hagleri	#FF8200	115	Saturnispora hagleri	Pichiaceae	7	Pichiaceae	Saturnispora	Leu
154	yHMPu5000034611_saturnispora_mendoncae_160519	yHMPu5000034611_Saturnispora_mendoncae	Saturnispora_mendoncae	#FF8200	114	Saturnispora mendoncae	Pichiaceae	7	Pichiaceae	Saturnispora	Leu
155	yHMPu5000034613_saturnispora_serradocipensis_160519	yHMPu5000034613_Saturnispora_serradocipensis	Saturnispora_serradocipensis	#FF8200	112	Saturnispora serradocipensis	Pichiaceae	7	Pichiaceae	Saturnispora	Leu
156	yHMPu5000034947_ambrosiozyma_philentoma_160519	yHMPu5000034947_Ambrosiozyma_philentoma	Ambrosiozyma_philentoma	#FF8200	83	Ambrosiozyma philentoma	Pichiaceae	7	Saccharomycetales incertae sedis	Ambrosiozyma	Leu
157	yHMPu5000026137_ambrosiozyma_ambrosiae_160519	yHMPu5000026137_Ambrosiozyma_ambrosiae	Ambrosiozyma_ambrosiae	#FF8200	120	Ambrosiozyma ambrosiae	Pichiaceae	7	Saccharomycetales incertae sedis	Ambrosiozyma	Leu
158	yHMPu5000034946_ambrosiozyma_oregonensis_160519	yHMPu5000034946_Ambrosiozyma_oregonensis	Ambrosiozyma_oregonensis	#FF8200	84	Ambrosiozyma oregonensis	Pichiaceae	7	Saccharomycetales incertae sedis	Ambrosiozyma	Leu
159	yHMPu5000035041_ambrosiozyma_pseudovanderkliftii_160519	yHMPu5000035041_Ambrosiozyma_pseudovanderkliftii	Ambrosiozyma_pseudovanderkliftii	#FF8200	79	Ambrosiozyma pseudovanderkliftii	Pichiaceae	7	Saccharomycetales incertae sedis	Ambrosiozyma	Leu
160	yHMPu5000026145_ambrosiozyma_vanderkliftii_160519	yHMPu5000026145_Ambrosiozyma_vanderkliftii	Ambrosiozyma_vanderkliftii	#FF8200	118	Ambrosiozyma vanderkliftii	Pichiaceae	7	Saccharomycetales incertae sedis	Ambrosiozyma	Leu
161	yHMPu5000034673_blastobotrys_nivea_160519	yHMPu5000034673_Blastobotrys_nivea	Blastobotrys_nivea	#FF2800	43	Blastobotrys nivea	Dipodascaceae/Trichomonascaceae	3	Trichomonascaceae	Blastobotrys	Leu
162	nadsonia_fulvescens_var_elongata	Nadsonia_fulvescens_var_elongata	Nadsonia_fulvescens_var._elongata	#FF2800	21	Nadsonia fulvescens var. elongata	Dipodascaceae/Trichomonascaceae	3	Dipodascaceae	Nadsonia	Leu
163	yHMPu5000034635_nadsonia_fulvescens_160519	yHMPu5000034635_Nadsonia_fulvescens	Nadsonia_fulvescens_var._fulvescens	#FF2800	51	Nadsonia fulvescens var. fulvescens	Dipodascaceae/Trichomonascaceae	3	Dipodascaceae	Nadsonia	Leu
164	candida_infanticola	Candida_infanticola	Wickerhamiella_infanticola	#FF2800	18	Wickerhamiella infanticola	Dipodascaceae/Trichomonascaceae	3	Dipodascaceae	Wickerhamiella	Leu
165	candida_versatilis	Candida_versatilis	Wickerhamiella_versatilis	#FF2800	19	Wickerhamiella versatilis	Dipodascaceae/Trichomonascaceae	3	Dipodascaceae	Wickerhamiella	Leu
166	yHMPu5000035633_candida_hispaniensis_160519	yHMPu5000035633_Candida_hispaniensis	Candida_hispaniensis	#FF2800	35	Candida hispaniensis	Dipodascaceae/Trichomonascaceae	3	Dipodascaceae	Candida	Leu
167	candida_apicola	Candida_apicola	Starmerella_apicola	#FF2800	17	Starmerella apicola	Dipodascaceae/Trichomonascaceae	3	Dipodascaceae	Candida	Leu
168	yHMPu5000041822_dipodascus_geniculatus_160928	yHMPu5000041822_Dipodascus_geniculatus	Dipodascus_geniculatus	#FF2800	29	Dipodascus geniculatus	Dipodascaceae/Trichomonascaceae	3	Dipodascaceae	Dipodascus	Leu
169	yHMPu5000034661_dipodascus_albidus_160519	yHMPu5000034661_Dipodascus_albidus	Dipodascus_albidus	#FF2800	48	Dipodascus albidus	Dipodascaceae/Trichomonascaceae	3	Dipodascaceae	Dipodascus	Leu
170	geotrichum_candidum	Geotrichum_candidum	Geotrichum_candidum	#FF2800	20	Geotrichum candidum	Dipodascaceae/Trichomonascaceae	3	Dipodascaceae	Geotrichum	Leu
171	yHMPu5000041818_magnusiomyces_tetrasperma_160928	yHMPu5000041818_Magnusiomyces_tetrasperma	Magnusiomyces_tetraspermus	#FF2800	30	Magnusiomyces tetraspermus	Dipodascaceae/Trichomonascaceae	3	Dipodascaceae	Magnusiomyces	Leu
172	sporopachydermia_quercuum	Sporopachydermia_quercuum	Sporopachydermia_quercuum	#7F00FF	54	Sporopachydermia quercuum	Sporopachydermia clade	5	Saccharomycetales incertae sedis	Sporopachydermia	Leu
173	starmerella_bombicola_JCM9596	Starmerella_bombicola_JCM9596	Starmerella_bombicola	#FF2800	23	Starmerella bombicola	Dipodascaceae/Trichomonascaceae	3	Dipodascaceae	Starmerella	Leu
174	yarrowia_lipolytica	Yarrowia_lipolytica	Yarrowia_lipolytica	#FF2800	28	Yarrowia lipolytica	Dipodascaceae/Trichomonascaceae	3	Dipodascaceae	Yarrowia	Leu
175	yarrowia_keelungensis	Yarrowia_keelungensis	Yarrowia_keelungensis	#FF2800	27	Yarrowia keelungensis	Dipodascaceae/Trichomonascaceae	3	Dipodascaceae	Yarrowia	Leu
176	yarrowia_deformans	Yarrowia_deformans	Yarrowia_deformans	#FF2800	26	Yarrowia deformans	Dipodascaceae/Trichomonascaceae	3	Dipodascaceae	Yarrowia	Leu
177	arxula_adeninivorans	Arxula_adeninivorans	Blastobotrys_adeninivorans	#FF2800	16	Blastobotrys adeninivorans	Dipodascaceae/Trichomonascaceae	3	Trichomonascaceae	Blastobotrys	Leu
178	yHMPu5000034669_blastobotrys_raffinofermentans_160519	yHMPu5000034669_Blastobotrys_raffinofermentans	Blastobotrys_raffinosifermentans	#FF2800	46	Blastobotrys raffinosifermentans	Dipodascaceae/Trichomonascaceae	3	Trichomonascaceae	Blastobotrys	Leu
179	yHMPu5000034681_blastobotrys_americana_160519	yHMPu5000034681_Blastobotrys_americana	Blastobotrys_americana	#FF2800	40	Blastobotrys americana	Dipodascaceae/Trichomonascaceae	3	Trichomonascaceae	Blastobotrys	Leu
180	yHMPu5000034660_diddensiella_caesifluorescens_160519	yHMPu5000034660_Diddensiella_caesifluorescens	Diddensiella_caesifluorescens	#FF2800	49	Diddensiella caesifluorescens	Dipodascaceae/Trichomonascaceae	3	Trichomonascaceae	Diddensiella	Leu
181	yHMPu5000034605_spencermartinsiella_europaea_160519	yHMPu5000034605_Spencermartinsiella_europaea	Spencermartinsiella_europaea	#FF2800	52	Spencermartinsiella europaea	Dipodascaceae/Trichomonascaceae	3	Trichomonascaceae	Spencermartinsiella	Leu
182	sugiyamaella_lignohabitans	Sugiyamaella_lignohabitans	Sugiyamaella_lignohabitans	#FF2800	24	Sugiyamaella lignohabitans	Dipodascaceae/Trichomonascaceae	3	Trichomonascaceae	Sugiyamaella	Leu
183	wickerhamiella_domercqiae	Wickerhamiella_domercqiae	Wickerhamiella_domercqiae	#FF2800	25	Wickerhamiella domercqiae	Dipodascaceae/Trichomonascaceae	3	Trichomonascaceae	Wickerhamiella	Leu
184	yHMPu5000034646_wickerhamiella_cacticola_160519	yHMPu5000034646_Wickerhamiella_cacticola	Wickerhamiella_cacticola	#FF2800	50	Wickerhamiella cacticola	Dipodascaceae/Trichomonascaceae	3	Trichomonascaceae	Wickerhamiella	Leu
185	yHMPu5000035242_zygoascus_ofunaensis_160928	yHMPu5000035242_Zygoascus_ofunaensis	Zygoascus_ofunaensis	#FF2800	38	Zygoascus ofunaensis	Dipodascaceae/Trichomonascaceae	3	Trichomonascaceae	Zygoascus	Leu
186	yHMPu5000035243_zygoascus_meyerae_160928	yHMPu5000035243_Zygoascus_meyerae	Zygoascus_meyerae	#FF2800	37	Zygoascus meyerae	Dipodascaceae/Trichomonascaceae	3	Trichomonascaceae	Zygoascus	Leu
187	yHMPu5000034604_sporopachydermia_lactativora_160519	yHMPu5000034604_Sporopachydermia_lactativora	Sporopachydermia_lactativora	#7F00FF	55	Sporopachydermia lactativora	Sporopachydermia clade	5	Saccharomycetales incertae sedis	Sporopachydermia	Leu
188	yHMPu5000035286_candida_azyma_160928	yHMPu5000035286_Candida_azyma	Wickerhamomyces_sp._YB_2243	#00e4ff	238	Wickerhamomyces sp.	Phaffomycetaceae	10	Phaffomycetaceae	Wickerhamomyces	Leu
189	yHMPu5000035643_yarrowia_bubula_160519	yHMPu5000035643_Yarrowia_bubula	Yarrowia_bubula	#FF2800	34	Yarrowia bubula	Dipodascaceae/Trichomonascaceae	3	Dipodascaceae	Yarrowia	Leu
190	yHMPu5000035645_yarrowia_divulgata_160519	yHMPu5000035645_Yarrowia_divulgata	Yarrowia_divulgata	#FF2800	33	Yarrowia divulgata	Dipodascaceae/Trichomonascaceae	3	Dipodascaceae	Yarrowia	Leu
191	yHMPu5000034675_blastobotrys_mokoenaii_160519	yHMPu5000034675_Blastobotrys_mokoenaii	Blastobotrys_mokoenaii	#FF2800	41	Blastobotrys mokoenaii	Dipodascaceae/Trichomonascaceae	3	Trichomonascaceae	Blastobotrys	Leu
192	yHMPu5000034674_blastobotrys_muscicola_160519	yHMPu5000034674_Blastobotrys_muscicola	Blastobotrys_muscicola	#FF2800	42	Blastobotrys muscicola	Dipodascaceae/Trichomonascaceae	3	Trichomonascaceae	Blastobotrys	Leu
193	yHMPu5000034667_blastobotrys_serpentis_160519	yHMPu5000034667_Blastobotrys_serpentis	Blastobotrys_serpentis	#FF2800	47	Blastobotrys serpentis	Dipodascaceae/Trichomonascaceae	3	Trichomonascaceae	Blastobotrys	Leu
194	yHMPu5000034670_blastobotrys_proliferans_160519	yHMPu5000034670_Blastobotrys_proliferans	Blastobotrys_proliferans	#FF2800	45	Blastobotrys proliferans	Dipodascaceae/Trichomonascaceae	3	Trichomonascaceae	Blastobotrys	Leu
195	yHMPu5000034671_blastobotrys_peoriensis_160519	yHMPu5000034671_Blastobotrys_peoriensis	Blastobotrys_peoriensis	#FF2800	44	Blastobotrys peoriensis	Dipodascaceae/Trichomonascaceae	3	Trichomonascaceae	Blastobotrys	Leu
196	yHMPu5000034748_lipomyces_oligophaga_160519	yHMPu5000034748_Lipomyces_oligophaga	Lipomyces_oligophaga	#FF0EF0	8	Lipomyces oligophaga	Lipomycetaceae	1	Lipomycetaceae	Lipomyces	Leu
197	lipomyces_starkeyi	Lipomyces_starkeyi	Lipomyces_starkeyi	#FF0EF0	1	Lipomyces starkeyi	Lipomycetaceae	1	Lipomycetaceae	Lipomyces	Leu
198	yHMPu5000034742_lipomyces_suomiensis_160519	yHMPu5000034742_Lipomyces_suomiensis	Lipomyces_suomiensis	#FF0EF0	9	Lipomyces suomiensis	Lipomycetaceae	1	Lipomycetaceae	Lipomyces	Leu
199	yHMPu5000034757_lipomyces_doorenjongii_160519	yHMPu5000034757_Lipomyces_doorenjongii	Lipomyces_doorenjongii	#FF0EF0	5	Lipomyces doorenjongii	Lipomycetaceae	1	Lipomycetaceae	Lipomyces	Leu
200	yHMPu5000034749_lipomyces_mesembrius_160519	yHMPu5000034749_Lipomyces_mesembrius	Lipomyces_mesembrius	#FF0EF0	7	Lipomyces mesembrius	Lipomycetaceae	1	Lipomycetaceae	Lipomyces	Leu
201	yHMPu5000034760_lipomyces_kononenkoae_160519	yHMPu5000034760_Lipomyces_kononenkoae	Lipomyces_kononenkoae	#FF0EF0	3	Lipomyces kononenkoae	Lipomycetaceae	1	Lipomycetaceae	Lipomyces	Leu
202	yHMPu5000034758_lipomyces_japonicus_160519	yHMPu5000034758_Lipomyces_japonicus	Lipomyces_japonicus	#FF0EF0	4	Lipomyces japonicus	Lipomycetaceae	1	Lipomycetaceae	Lipomyces	Leu
203	yHMPu5000034761_lipomyces_lipofer_160519	yHMPu5000034761_Lipomyces_lipofer	Lipomyces_lipofer	#FF0EF0	2	Lipomyces lipofer	Lipomycetaceae	1	Lipomycetaceae	Lipomyces	Leu
204	yHMPu5000034754_lipomyces_arxii_160519	yHMPu5000034754_Lipomyces_arxii	Lipomyces_arxii	#FF0EF0	6	Lipomyces arxii	Lipomycetaceae	1	Lipomycetaceae	Lipomyces	Leu
205	yHMPu5000034655_botryozyma_nematodophila_160519	yHMPu5000034655_Botryozyma_nematodophila	Botryozyma_nematodophila	#FF0090	15	Botryozyma nematodophila	Trigonopsidaceae	2	Trigonopsidaceae	Botryozyma	Leu
206	tortispora_caseinolytica	Tortispora_caseinolytica	Tortispora_caseinolytica	#FF0090	10	Tortispora caseinolytica	Trigonopsidaceae	2	Trigonopsidaceae	Tortispora	Leu
207	yHMPu5000035654_tortispora_ganteri_160519	yHMPu5000035654_Tortispora_ganteri	Tortispora_ganteri	#FF0090	11	Tortispora ganteri	Trigonopsidaceae	2	Trigonopsidaceae	Tortispora	Leu
208	yHMPu5000035279_tortispora_starmeri_160928	yHMPu5000035279_Tortispora_starmeri	Tortispora_starmeri	#FF0090	14	Tortispora starmeri	Trigonopsidaceae	2	Trigonopsidaceae	Tortispora	Leu
209	yHMPu5000035650_trigonopsis_variabilis_160613	yHMPu5000035650_Trigonopsis_variabilis	Trigonopsis_variabilis	#FF0090	12	Trigonopsis variabilis	Trigonopsidaceae	2	Trigonopsidaceae	Trigonopsis	Leu
210	yHMPu5000035282_trigonopsis_vinaria_160928	yHMPu5000035282_Trigonopsis_vinaria	Trigonopsis_vinaria	#FF0090	13	Trigonopsis vinaria	Trigonopsidaceae	2	Trigonopsidaceae	Trigonopsis	Leu
211	ascoidea_asiatica	Ascoidea_asiatica	Ascoidea_asiatica	#b0ff00	216	Ascoidea asiatica	CUG-Ser2	9	Ascoideaceae	Ascoidea	Ser
212	ascoidea_rubescens	Ascoidea_rubescens	Ascoidea_rubescens	#b0ff00	217	Ascoidea rubescens	CUG-Ser2	9	Ascoideaceae	Ascoidea	Ser
213	saccharomycopsis_malanga	Saccharomycopsis_malanga	Saccharomycopsis_malanga	#b0ff00	218	Saccharomycopsis malanga	CUG-Ser2	9	Saccharomycopsidaceae	Saccharomycopsis	Ser
214	yHMPu5000034607_saccharomycopsis_capsularis_160519	yHMPu5000034607_Saccharomycopsis_capsularis	Saccharomycopsis_capsularis	#b0ff00	219	Saccharomycopsis capsularis	CUG-Ser2	9	Saccharomycopsidaceae	Saccharomycopsis	Ser
215	candida_sorboxylosa	Candida_sorboxylosa	Candida_sorboxylosa	#FF8200	66	Candida sorboxylosa	Pichiaceae	7	Saccharomycetales incertae sedis	Candida	Leu
216	komagataella_pastoris	Komagataella_pastoris	Komagataella_pastoris	#FF8200	69	Komagataella pastoris	Pichiaceae	7	Saccharomycetales incertae sedis	Komagataella	Leu
217	yHMPu5000035048_barnettozyma_salicaria_160519	yHMPu5000035048_Barnettozyma_salicaria	Barnettozyma_salicaria	#00e4ff	243	Barnettozyma salicaria	Phaffomycetaceae	10	Phaffomycetaceae	Barnettozyma	Leu
218	yHMPu5000035044_barnettozyma_californica_160519	yHMPu5000035044_Barnettozyma_californica	Barnettozyma_californica	#00e4ff	247	Barnettozyma californica	Phaffomycetaceae	10	Phaffomycetaceae	Barnettozyma	Leu
219	yHMPu5000035046_barnettozyma_populi_160613	yHMPu5000035046_Barnettozyma_populi	Barnettozyma_populi	#00e4ff	245	Barnettozyma populi	Phaffomycetaceae	10	Phaffomycetaceae	Barnettozyma	Leu
220	yHMPu5000035689_candida_mycetangii_160613	yHMPu5000035689_Candida_mycetangii	Candida_mycetangii	#00e4ff	227	Candida mycetangii	Phaffomycetaceae	10	Phaffomycetaceae	Candida	Leu
221	yHMPu5000035690_candida_vartiovaarae_160613	yHMPu5000035690_Candida_vartiovaarae	Candida_vartiovaarae	#00e4ff	226	Candida vartiovaarae	Phaffomycetaceae	10	Phaffomycetaceae	Candida	Leu
222	yHMPu5000035673_candida_orba_160613	yHMPu5000035673_Candida_orba	Candida_orba	#00e4ff	231	Candida orba	Phaffomycetaceae	10	Phaffomycetaceae	Candida	Leu
223	yHMPu5000034597_candida_stellimalicola_160519	yHMPu5000034597_Candida_stellimalicola	Candida_stellimalicola	#00e4ff	252	Candida stellimalicola	Phaffomycetaceae	10	Phaffomycetaceae	Candida	Leu
224	cyberlindnera_fabianii_JCM3601	Cyberlindnera_fabianii_JCM3601	Cyberlindnera_fabianii	#00e4ff	220	Cyberlindnera fabianii	Phaffomycetaceae	10	Phaffomycetaceae	Cyberlindnera	Leu
225	cyberlindnera_jadinii	Cyberlindnera_jadinii	Cyberlindnera_jadinii	#00e4ff	221	Cyberlindnera jadinii	Phaffomycetaceae	10	Phaffomycetaceae	Cyberlindnera	Leu
226	yHMPu5000035703_cyberlindnera_americana_160613	yHMPu5000035703_Cyberlindnera_americana	Cyberlindnera_americana	#00e4ff	224	Cyberlindnera americana	Phaffomycetaceae	10	Phaffomycetaceae	Cyberlindnera	Leu
227	yHMPu5000026274_komagataella_populi_160519	yHMPu5000026274_Komagataella_populi	Komagataella_populi	#FF8200	116	Komagataella populi	Pichiaceae	7	Saccharomycetales incertae sedis	Komagataella	Leu
228	yHMPu5000034939_komagataella_pseudopastoris_160519	yHMPu5000034939_Komagataella_pseudopastoris	Komagataella_pseudopastoris	#FF8200	85	Komagataella pseudopastoris	Pichiaceae	7	Saccharomycetales incertae sedis	Komagataella	Leu
229	yHMPu5000035672_phaffomyces_thermotolerans_160613	yHMPu5000035672_Phaffomyces_thermotolerans	Phaffomyces_thermotolerans	#00e4ff	232	Phaffomyces thermotolerans	Phaffomycetaceae	10	Phaffomycetaceae	Phaffomyces	Leu
230	yHMPu5000035671_phaffomyces_antillensis_160613	yHMPu5000035671_Phaffomyces_antillensis	Phaffomyces_antillensis	#00e4ff	233	Phaffomyces antillensis	Phaffomycetaceae	10	Phaffomycetaceae	Phaffomyces	Leu
231	yHMPu5000035670_phaffomyces_opuntiae_160613	yHMPu5000035670_Phaffomyces_opuntiae	Phaffomyces_opuntiae	#00e4ff	234	Phaffomyces opuntiae	Phaffomycetaceae	10	Phaffomycetaceae	Phaffomyces	Leu
232	yHMPu5000034594_starmera_quercuum_160519	yHMPu5000034594_Starmera_quercuum	Starmera_quercuum	#00e4ff	253	Starmera quercuum	Phaffomycetaceae	10	Phaffomycetaceae	Starmera	Leu
233	yHMPu5000035658_starmera_amethionina_160613	yHMPu5000035658_Starmera_amethionina	Starmera_amethionina	#00e4ff	235	Starmera amethionina	Phaffomycetaceae	10	Phaffomycetaceae	Starmera	Leu
234	wickerhamomyces_anomalus	Wickerhamomyces_anomalus	Wickerhamomyces_anomalus	#00e4ff	222	Wickerhamomyces anomalus	Phaffomycetaceae	10	Phaffomycetaceae	Wickerhamomyces	Leu
235	yHMPu5000035268_wickerhamomyces_hampshirensis_160928	yHMPu5000035268_Wickerhamomyces_hampshirensis	Wickerhamomyces_hampshirensis	#00e4ff	241	Wickerhamomyces hampshirensis	Phaffomycetaceae	10	Phaffomycetaceae	Wickerhamomyces	Leu
236	yHMPu5000035639_wickerhamomyces_canadensis_160613	yHMPu5000035639_Wickerhamomyces_canadensis	Wickerhamomyces_canadensis	#00e4ff	236	Wickerhamomyces canadensis	Phaffomycetaceae	10	Phaffomycetaceae	Wickerhamomyces	Leu
237	wickerhamomyces_ciferrii	Wickerhamomyces_ciferrii	Wickerhamomyces_ciferrii	#00e4ff	223	Wickerhamomyces ciferrii	Phaffomycetaceae	10	Phaffomycetaceae	Wickerhamomyces	Leu
238	yHMPu5000035261_candida_ponderosae_160928	yHMPu5000035261_Candida_ponderosae	Candida_ponderosae	#00e4ff	242	Candida ponderosae	Phaffomycetaceae	10	Phaffomycetaceae	Candida	Leu
239	yHMPu5000035047_barnettozyma_pratensis_160519	yHMPu5000035047_Barnettozyma_pratensis	Barnettozyma_pratensis	#00e4ff	244	Barnettozyma pratensis	Phaffomycetaceae	10	Phaffomycetaceae	Barnettozyma	Leu
240	yHMPu5000035045_barnettozyma_hawaiiensis_160613	yHMPu5000035045_Barnettozyma_hawaiiensis	Barnettozyma_hawaiiensis	#00e4ff	246	Barnettozyma hawaiiensis	Phaffomycetaceae	10	Phaffomycetaceae	Barnettozyma	Leu
241	yHMPu5000035686_cyberlindnera_saturnus_160519	yHMPu5000035686_Cyberlindnera_saturnus	Cyberlindnera_saturnus	#00e4ff	230	Cyberlindnera saturnus	Phaffomycetaceae	10	Phaffomycetaceae	Cyberlindnera	Leu
242	yHMPu5000034978_cyberlindnera_mrakii_160519	yHMPu5000034978_Cyberlindnera_mrakii	Cyberlindnera_mrakii	#00e4ff	250	Cyberlindnera mrakii	Phaffomycetaceae	10	Phaffomycetaceae	Cyberlindnera	Leu
243	yHMPu5000035688_cyberlindnera_xylosilytica_160519	yHMPu5000035688_Cyberlindnera_xylosilytica	Cyberlindnera_xylosilytica	#00e4ff	228	Cyberlindnera xylosilytica	Phaffomycetaceae	10	Phaffomycetaceae	Cyberlindnera	Leu
244	yHMPu5000035325_cyberlindnera_petersonii_160928	yHMPu5000035325_Cyberlindnera_petersonii	Cyberlindnera_petersonii	#00e4ff	237	Cyberlindnera petersonii	Phaffomycetaceae	10	Phaffomycetaceae	Cyberlindnera	Leu
245	yHMPu5000035687_cyberlindnera_suaveolens_160613	yHMPu5000035687_Cyberlindnera_suaveolens	Cyberlindnera_suaveolens	#00e4ff	229	Cyberlindnera suaveolens	Phaffomycetaceae	10	Phaffomycetaceae	Cyberlindnera	Leu
246	yHMPu5000034979_cyberlindnera_misumaiensis_160519	yHMPu5000034979_Cyberlindnera_misumaiensis	Cyberlindnera_misumaiensis	#00e4ff	249	Cyberlindnera misumaiensis	Phaffomycetaceae	10	Phaffomycetaceae	Cyberlindnera	Leu
247	yHMPu5000035699_cyberlindnera_maclurae_160613	yHMPu5000035699_Cyberlindnera_maclurae	Cyberlindnera_maclurae	#00e4ff	225	Cyberlindnera maclurae	Phaffomycetaceae	10	Phaffomycetaceae	Cyberlindnera	Leu
248	yHMPu5000035271_wickerhamomyces_bovis_160928	yHMPu5000035271_Wickerhamomyces_bovis	Wickerhamomyces_bovis	#00e4ff	240	Wickerhamomyces bovis	Phaffomycetaceae	10	Phaffomycetaceae	Wickerhamomyces	Leu
249	yHMPu5000035274_wickerhamomyces_alni_160928	yHMPu5000035274_Wickerhamomyces_alni	Wickerhamomyces_alni	#00e4ff	239	Wickerhamomyces alni	Phaffomycetaceae	10	Phaffomycetaceae	Wickerhamomyces	Leu
250	alloascoidea_hylecoeti	Alloascoidea_hylecoeti	Alloascoidea_hylecoeti	#008000	53	Alloascoidea hylecoeti	Alloascoideaceae	4	Alloascoideaceae	Alloascoidea	Leu
251	yHMPu5000034950_citeromyces_hawaiiensis_160519	yHMPu5000034950_Citeromyces_hawaiiensis	Citeromyces_hawaiiensis	#FF8200	82	Citeromyces hawaiiensis	Pichiaceae	7	Saccharomycetales incertae sedis	Citeromyces	Leu
252	yHMPu5000034952_citeromyces_siamensis_160519	yHMPu5000034952_Citeromyces_siamensis	Citeromyces_siamensis	#FF8200	81	Citeromyces siamensis	Pichiaceae	7	Saccharomycetales incertae sedis	Citeromyces	Leu
253	yHAB158_kazachstania_viticola_160519	yHAB158_Kazachstania_viticola	Kazachstania_viticola	#0012ff	314	Kazachstania viticola	Saccharomycetaceae	12	Saccharomycetaceae	Kazachstania	Leu
254	yHMPu5000026142_citeromyces_matritensis_160519	yHMPu5000026142_Citeromyces_matritensis	Citeromyces_matritensis	#FF8200	119	Citeromyces matritensis	Pichiaceae	7	Saccharomycetales incertae sedis	Citeromyces	Leu
255	yHMPu5000034710_kluyveromyces_dobzhanskii_160519	yHMPu5000034710_Kluyveromyces_dobzhanskii	Kluyveromyces_dobzhanskii	#0012ff	329	Kluyveromyces dobzhanskii	Saccharomycetaceae	12	Saccharomycetaceae	Kluyveromyces	Leu
256	yHMPu5000034709_kluyveromyces_aestuarii_160519	yHMPu5000034709_Kluyveromyces_aestuarii	Kluyveromyces_aestuarii	#0012ff	330	Kluyveromyces aestuarii	Saccharomycetaceae	12	Saccharomycetaceae	Kluyveromyces	Leu
257	nakaseomyces_bracarensis	Nakaseomyces_bracarensis	Candida_bracarensis	#0012ff	285	Candida bracarensis	Saccharomycetaceae	12	Saccharomycetaceae	Candida	Leu
258	candida_glabrata	Candida_glabrata	Candida_glabrata	#0012ff	263	Candida glabrata	Saccharomycetaceae	12	Saccharomycetaceae	Candida	Leu
259	eremothecium_gossypii	Eremothecium_gossypii	Eremothecium_gossypii	#0012ff	266	Eremothecium gossypii	Saccharomycetaceae	12	Saccharomycetaceae	Eremothecium	Leu
260	ashbya_aceri	Ashbya_aceri	Ashbya_aceri	#0012ff	262	Ashbya aceri	Saccharomycetaceae	12	Saccharomycetaceae	Ashbya	Leu
261	eremothecium_sinecaudum	Eremothecium_sinecaudum	Eremothecium_sinecaudum	#0012ff	267	Eremothecium sinecaudum	Saccharomycetaceae	12	Saccharomycetaceae	Eremothecium	Leu
262	eremothecium_cymbalariae	Eremothecium_cymbalariae	Eremothecium_cymbalariae	#0012ff	265	Eremothecium cymbalariae	Saccharomycetaceae	12	Saccharomycetaceae	Eremothecium	Leu
263	eremothecium_coryli	Eremothecium_coryli	Eremothecium_coryli	#0012ff	264	Eremothecium coryli	Saccharomycetaceae	12	Saccharomycetaceae	Eremothecium	Leu
264	kazachstania_africana	Kazachstania_africana	Kazachstania_africana	#0012ff	268	Kazachstania africana	Saccharomycetaceae	12	Saccharomycetaceae	Kazachstania	Leu
265	kazachstania_naganishii	Kazachstania_naganishii	Kazachstania_naganishii	#0012ff	269	Kazachstania naganishii	Saccharomycetaceae	12	Saccharomycetaceae	Kazachstania	Leu
266	yHAB166_kazachstania_yakushimaensis_160519	yHAB166_Kazachstania_yakushimaensis	Kazachstania_yakushimaensis	#0012ff	318	Kazachstania yakushimaensis	Saccharomycetaceae	12	Saccharomycetaceae	Kazachstania	Leu
267	kluyveromyces_lactis	Kluyveromyces_lactis	Kluyveromyces_lactis	#0012ff	270	Kluyveromyces lactis	Saccharomycetaceae	12	Saccharomycetaceae	Kluyveromyces	Leu
268	kluyveromyces_marxianus	Kluyveromyces_marxianus	Kluyveromyces_marxianus	#0012ff	271	Kluyveromyces marxianus	Saccharomycetaceae	12	Saccharomycetaceae	Kluyveromyces	Leu
269	lachancea_fantastica	Lachancea_fantastica	Lachancea_fantastica_nom_nud	#0012ff	274	Lachancea fantastica nom. nud.	Saccharomycetaceae	12	Saccharomycetaceae	Lachancea	Leu
270	lachancea_meyersii	Lachancea_meyersii	Lachancea_meyersii	#0012ff	278	Lachancea meyersii	Saccharomycetaceae	12	Saccharomycetaceae	Lachancea	Leu
271	lachancea_nothofagi	Lachancea_nothofagi	Lachancea_nothofagi	#0012ff	280	Lachancea nothofagi	Saccharomycetaceae	12	Saccharomycetaceae	Lachancea	Leu
272	lachancea_cidri	Lachancea_cidri	Lachancea_cidri	#0012ff	272	Lachancea cidri	Saccharomycetaceae	12	Saccharomycetaceae	Lachancea	Leu
273	lachancea_thermotolerans	Lachancea_thermotolerans	Lachancea_thermotolerans	#0012ff	282	Lachancea thermotolerans	Saccharomycetaceae	12	Saccharomycetaceae	Lachancea	Leu
274	lachancea_mirantina	Lachancea_mirantina	Lachancea_mirantina	#0012ff	279	Lachancea mirantina	Saccharomycetaceae	12	Saccharomycetaceae	Lachancea	Leu
275	lachancea_dasiensis	Lachancea_dasiensis	Lachancea_dasiensis	#0012ff	273	Lachancea dasiensis	Saccharomycetaceae	12	Saccharomycetaceae	Lachancea	Leu
276	lachancea_fermentati	Lachancea_fermentati	Lachancea_fermentati	#0012ff	275	Lachancea fermentati	Saccharomycetaceae	12	Saccharomycetaceae	Lachancea	Leu
277	lachancea_kluyveri	Lachancea_kluyveri	Lachancea_kluyveri	#0012ff	276	Lachancea kluyveri	Saccharomycetaceae	12	Saccharomycetaceae	Lachancea	Leu
278	lachancea_lanzarotensis	Lachancea_lanzarotensis	Lachancea_lanzarotensis	#0012ff	277	Lachancea lanzarotensis	Saccharomycetaceae	12	Saccharomycetaceae	Lachancea	Leu
279	lachancea_quebecensis	Lachancea_quebecensis	Lachancea_quebecensis	#0012ff	281	Lachancea quebecensis	Saccharomycetaceae	12	Saccharomycetaceae	Lachancea	Leu
280	nakaseomyces_castellii	Nakaseomyces_castellii	Candida_castellii	#0012ff	286	Candida castellii	Saccharomycetaceae	12	Saccharomycetaceae	Candida	Leu
281	nakaseomyces_delphensis	Nakaseomyces_delphensis	Nakaseomyces_delphensis	#0012ff	287	Nakaseomyces delphensis	Saccharomycetaceae	12	Saccharomycetaceae	Nakaseomyces	Leu
282	nakaseomyces_nivariensis	Nakaseomyces_nivariensis	Candida_nivariensis	#0012ff	288	Candida nivariensis	Saccharomycetaceae	12	Saccharomycetaceae	Candida	Leu
283	nakaseomyces_bacillisporus	Nakaseomyces_bacillisporus	Nakaseomyces_bacillisporus	#0012ff	284	Nakaseomyces bacillisporus	Saccharomycetaceae	12	Saccharomycetaceae	Nakaseomyces	Leu
284	naumovozyma_castellii	Naumovozyma_castellii	Naumovozyma_castellii	#0012ff	289	Naumovozyma castellii	Saccharomycetaceae	12	Saccharomycetaceae	Naumovozyma	Leu
285	naumovozyma_dairenensis	Naumovozyma_dairenensis	Naumovozyma_dairenensis	#0012ff	290	Naumovozyma dairenensis	Saccharomycetaceae	12	Saccharomycetaceae	Naumovozyma	Leu
286	saccharomyces_cerevisiae	Saccharomyces_cerevisiae	Saccharomyces_cerevisiae	#0012ff	292	Saccharomyces cerevisiae	Saccharomycetaceae	12	Saccharomycetaceae	Saccharomyces	Leu
287	saccharomyces_uvarum	Saccharomyces_uvarum	Saccharomyces_uvarum	#0012ff	297	Saccharomyces uvarum	Saccharomycetaceae	12	Saccharomycetaceae	Saccharomyces	Leu
288	saccharomyces_eubayanus	Saccharomyces_eubayanus	Saccharomyces_eubayanus	#0012ff	293	Saccharomyces eubayanus	Saccharomycetaceae	12	Saccharomycetaceae	Saccharomyces	Leu
289	saccharomyces_kudriavzevii	Saccharomyces_kudriavzevii	Saccharomyces_kudriavzevii	#0012ff	294	Saccharomyces kudriavzevii	Saccharomycetaceae	12	Saccharomycetaceae	Saccharomyces	Leu
290	saccharomyces_arboricola	Saccharomyces_arboricola	Saccharomyces_arboricola	#0012ff	291	Saccharomyces arboricola	Saccharomycetaceae	12	Saccharomycetaceae	Saccharomyces	Leu
291	saccharomyces_paradoxus	Saccharomyces_paradoxus	Saccharomyces_paradoxus	#0012ff	296	Saccharomyces paradoxus	Saccharomycetaceae	12	Saccharomycetaceae	Saccharomyces	Leu
292	saccharomyces_mikatae	Saccharomyces_mikatae	Saccharomyces_mikatae	#0012ff	295	Saccharomyces mikatae	Saccharomycetaceae	12	Saccharomycetaceae	Saccharomyces	Leu
293	tetrapisispora_blattae	Tetrapisispora_blattae	Tetrapisispora_blattae	#0012ff	298	Tetrapisispora blattae	Saccharomycetaceae	12	Saccharomycetaceae	Tetrapisispora	Leu
294	tetrapisispora_phaffii	Tetrapisispora_phaffii	Tetrapisispora_phaffii	#0012ff	299	Tetrapisispora phaffii	Saccharomycetaceae	12	Saccharomycetaceae	Tetrapisispora	Leu
295	yHMPu5000034875_tetrapisispora_fleetii_160519	yHMPu5000034875_Tetrapisispora_fleetii	Tetrapisispora_fleetii	#0012ff	325	Tetrapisispora fleetii	Saccharomycetaceae	12	Saccharomycetaceae	Tetrapisispora	Leu
296	torulaspora_delbrueckii	Torulaspora_delbrueckii	Torulaspora_delbrueckii	#0012ff	300	Torulaspora delbrueckii	Saccharomycetaceae	12	Saccharomycetaceae	Torulaspora	Leu
297	yHMPu5000035652_torulaspora_maleeae_160613	yHMPu5000035652_Torulaspora_maleeae	Torulaspora_maleeae	#0012ff	319	Torulaspora maleeae	Saccharomycetaceae	12	Saccharomycetaceae	Torulaspora	Leu
298	yHMPu5000034881_torulaspora_pretoriensis_160519	yHMPu5000034881_Torulaspora_pretoriensis	Torulaspora_pretoriensis	#0012ff	322	Torulaspora pretoriensis	Saccharomycetaceae	12	Saccharomycetaceae	Torulaspora	Leu
299	yHMPu5000035651_torulaspora_microellipsoides_160519	yHMPu5000035651_Torulaspora_microellipsoides	Torulaspora_microellipsoides	#0012ff	320	Torulaspora microellipsoides	Saccharomycetaceae	12	Saccharomycetaceae	Torulaspora	Leu
300	vanderwaltozyma_polyspora	Vanderwaltozyma_polyspora	Vanderwaltozyma_polyspora	#0012ff	301	Vanderwaltozyma polyspora	Saccharomycetaceae	12	Saccharomycetaceae	Vanderwaltozyma	Leu
301	yHMPu5000035629_yueomyces_sinensis_160519	yHMPu5000035629_Yueomyces_sinensis	Yueomyces_sinensis	#0012ff	321	Yueomyces sinensis	Saccharomycetaceae	12	Saccharomycetaceae	Yueomyces	Leu
302	zygosaccharomyces_rouxii	Zygosaccharomyces_rouxii	Zygosaccharomyces_rouxii	#0012ff	303	Zygosaccharomyces rouxii	Saccharomycetaceae	12	Saccharomycetaceae	Zygosaccharomyces	Leu
303	zygosaccharomyces_bailii	Zygosaccharomyces_bailii	Zygosaccharomyces_bailii	#0012ff	302	Zygosaccharomyces bailii	Saccharomycetaceae	12	Saccharomycetaceae	Zygosaccharomyces	Leu
304	yHMPu5000034866_zygosaccharomyces_bisporus_160519	yHMPu5000034866_Zygosaccharomyces_bisporus	Zygosaccharomyces_bisporus	#0012ff	326	Zygosaccharomyces bisporus	Saccharomycetaceae	12	Saccharomycetaceae	Zygosaccharomyces	Leu
305	yHMPu5000034862_zygotorulaspora_florentina_160519	yHMPu5000034862_Zygotorulaspora_florentina	Zygotorulaspora_florentina	#0012ff	328	Zygotorulaspora florentina	Saccharomycetaceae	12	Saccharomycetaceae	Zygotorulaspora	Leu
306	hanseniaspora_valbyensis	Hanseniaspora_valbyensis	Hanseniaspora_valbyensis	#12958A	255	Hanseniaspora valbyensis	Saccharomycodaceae	11	Saccharomycodaceae	Hanseniaspora	Leu
307	hanseniaspora_uvarum	Hanseniaspora_uvarum	Hanseniaspora_uvarum	#12958A	254	Hanseniaspora uvarum	Saccharomycodaceae	11	Saccharomycodaceae	Hanseniaspora	Leu
308	yHMPu5000035695_hanseniaspora_pseudoguilliermondii_160519	yHMPu5000035695_Hanseniaspora_pseudoguilliermondii	Hanseniaspora_pseudoguilliermondii	#12958A	258	Hanseniaspora pseudoguilliermondii	Saccharomycodaceae	11	Saccharomycodaceae	Hanseniaspora	Leu
309	yHMPu5000035684_kloeckera_hatyaiensis_160519	yHMPu5000035684_Kloeckera_hatyaiensis	Kloeckera_hatyaiensis	#12958A	259	Kloeckera hatyaiensis	Saccharomycodaceae	11	Saccharomycodaceae	Kloeckera	Leu
310	yHMPu5000026256_zygotorulaspora_mrakii_161215	yHMPu5000026256_Zygotorulaspora_mrakii	Zygotorulaspora_mrakii	#0012ff	331	Zygotorulaspora mrakii	Saccharomycetaceae	12	Saccharomycetaceae	Zygotorulaspora	Leu
311	hanseniaspora_vinae	Hanseniaspora_vinae	Hanseniaspora_vineae	#12958A	256	Hanseniaspora vineae	Saccharomycodaceae	11	Saccharomycodaceae	Hanseniaspora	Leu
312	lachancea_waltii	Lachancea_waltii	Lachancea_waltii	#0012ff	283	Lachancea waltii	Saccharomycetaceae	12	Saccharomycetaceae	Lachancea	Leu
313	yHAB160_kazachstania_kunashirensis_160519	yHAB160_Kazachstania_kunashirensis	Kazachstania_kunashirensis	#0012ff	312	Kazachstania kunashirensis	Saccharomycetaceae	12	Saccharomycetaceae	Kazachstania	Leu
314	yHAB132_kazachstania_martiniae_160519	yHAB132_Kazachstania_martiniae	Kazachstania_martiniae	#0012ff	307	Kazachstania martiniae	Saccharomycetaceae	12	Saccharomycetaceae	Kazachstania	Leu
315	yHAB153_kazachstania_rosinii_160519	yHAB153_Kazachstania_rosinii	Kazachstania_rosinii	#0012ff	317	Kazachstania rosinii	Saccharomycetaceae	12	Saccharomycetaceae	Kazachstania	Leu
316	yHAB147_kazachstania_taianensis_160519	yHAB147_Kazachstania_taianensis	Kazachstania_taianensis	#0012ff	309	Kazachstania taianensis	Saccharomycetaceae	12	Saccharomycetaceae	Kazachstania	Leu
317	yHAB136_kazachstania_bromeliacearum_160519	yHAB136_Kazachstania_bromeliacearum	Kazachstania_bromeliacearum	#0012ff	304	Kazachstania bromeliacearum	Saccharomycetaceae	12	Saccharomycetaceae	Kazachstania	Leu
318	yHAB133_kazachstania_unispora_160519	yHAB133_Kazachstania_unispora	Kazachstania_unispora	#0012ff	306	Kazachstania unispora	Saccharomycetaceae	12	Saccharomycetaceae	Kazachstania	Leu
319	yHAB134_kazachstania_turicensis_160519	yHAB134_Kazachstania_turicensis	Kazachstania_turicensis	#0012ff	305	Kazachstania turicensis	Saccharomycetaceae	12	Saccharomycetaceae	Kazachstania	Leu
320	yHAB148_kazachstania_intestinalis_160519	yHAB148_Kazachstania_intestinalis	Kazachstania_intestinalis	#0012ff	310	Kazachstania intestinalis	Saccharomycetaceae	12	Saccharomycetaceae	Kazachstania	Leu
321	yHAB154_kazachstania_transvaalensis_160519	yHAB154_Kazachstania_transvaalensis	Kazachstania_transvaalensis	#0012ff	316	Kazachstania transvaalensis	Saccharomycetaceae	12	Saccharomycetaceae	Kazachstania	Leu
322	yHAB159_kazachstania_solicola_160519	yHAB159_Kazachstania_solicola	Kazachstania_solicola	#0012ff	313	Kazachstania solicola	Saccharomycetaceae	12	Saccharomycetaceae	Kazachstania	Leu
323	yHAB164_kazachstania_aerobia_160519	yHAB164_Kazachstania_aerobia	Kazachstania_aerobia	#0012ff	311	Kazachstania aerobia	Saccharomycetaceae	12	Saccharomycetaceae	Kazachstania	Leu
324	yHAB155_kazachstania_spencerorum_160519	yHAB155_Kazachstania_spencerorum	Kazachstania_spencerorum	#0012ff	315	Kazachstania spencerorum	Saccharomycetaceae	12	Saccharomycetaceae	Kazachstania	Leu
325	yHAB143_kazachstania_siamensis_160519	yHAB143_Kazachstania_siamensis	Kazachstania_siamensis	#0012ff	308	Kazachstania siamensis	Saccharomycetaceae	12	Saccharomycetaceae	Kazachstania	Leu
326	yHMPu5000034877_tetrapisispora_namnaonensis_160519	yHMPu5000034877_Tetrapisispora_namnaonensis	Tetrapisispora_namnaonensis	#0012ff	323	Tetrapisispora namnaonensis	Saccharomycetaceae	12	Saccharomycetaceae	Tetrapisispora	Leu
327	yHMPu5000034876_tetrapisispora_iriomotensis_160519	yHMPu5000034876_Tetrapisispora_iriomotensis	Tetrapisispora_iriomotensis	#0012ff	324	Tetrapisispora iriomotensis	Saccharomycetaceae	12	Saccharomycetaceae	Tetrapisispora	Leu
328	yHMPu5000026152_torulaspora_franciscae_160519	yHMPu5000026152_Torulaspora_franciscae	Torulaspora_franciscae	#0012ff	332	Torulaspora franciscae	Saccharomycetaceae	12	Saccharomycetaceae	Torulaspora	Leu
329	yHMPu5000034865_zygosaccharomyces_kombuchaensis_160519	yHMPu5000034865_Zygosaccharomyces_kombuchaensis	Zygosaccharomyces_kombuchaensis	#0012ff	327	Zygosaccharomyces kombuchaensis	Saccharomycetaceae	12	Saccharomycetaceae	Zygosaccharomyces	Leu
330	yHMPu5000034957_hanseniaspora_osmophila_160519	yHMPu5000034957_Hanseniaspora_osmophila	Hanseniaspora_osmophila	#12958A	261	Hanseniaspora osmophila	Saccharomycodaceae	11	Saccharomycodaceae	Hanseniaspora	Leu
331	yHMPu5000035696_hanseniaspora_singularis_160519	yHMPu5000035696_Hanseniaspora_singularis	Hanseniaspora_singularis	#12958A	257	Hanseniaspora singularis	Saccharomycodaceae	11	Saccharomycodaceae	Hanseniaspora	Leu
332	yHMPu5000034963_hanseniaspora_clermontiae_160519	yHMPu5000034963_Hanseniaspora_clermontiae	Hanseniaspora_clermontiae	#12958A	260	Hanseniaspora clermontiae	Saccharomycodaceae	11	Saccharomycodaceae	Hanseniaspora	Leu
333	arthrobotrys_oligospora	Arthrobotrys_oligospora	Arthrobotrys_oligospora	#050f07	333	Arthrobotrys oligospora	outgroup	0	outgroup	outgroup	Leu
334	aspergillus_nidulans	Aspergillus_nidulans	Aspergillus_nidulans	#050f07	334	Aspergillus nidulans	outgroup	0	outgroup	outgroup	Leu
335	botrytis_cinerea	Botrytis_cinerea	Botrytis_cinerea	#050f07	335	Botrytis cinerea	outgroup	0	outgroup	outgroup	Leu
336	Coccidioides_immitis	Coccidioides_immitis	Coccidioides_immitis	#050f07	336	Coccidioides immitis	outgroup	0	outgroup	outgroup	Leu
337	fusarium_graminearum	Fusarium_graminearum	Fusarium_graminearum	#050f07	337	Fusarium graminearum	outgroup	0	outgroup	outgroup	Leu
338	neurospora_crassa	Neurospora_crassa	Neurospora_crassa	#050f07	338	Neurospora crassa	outgroup	0	outgroup	outgroup	Leu
339	Saitoella_complicata	Saitoella_complicata	Saitoella_complicata	#050f07	339	Saitoella complicata	outgroup	0	outgroup	outgroup	Leu
340	sclerotinia_sclerotiorum	Sclerotinia_sclerotiorum	Sclerotinia_sclerotiorum	#050f07	340	Sclerotinia sclerotiorum	outgroup	0	outgroup	outgroup	Leu
341	stagonospora_nodorum	Stagonospora_nodorum	Stagonospora_nodorum	#050f07	341	Stagonospora nodorum	outgroup	0	outgroup	outgroup	Leu
342	xylona_heveae	Xylona_heveae	Xylona_heveae	#050f07	342	Xylona heveae	outgroup	0	outgroup	outgroup	Leu
343	schizosaccharomyces_pombe	Schizosaccharomyces_pombe	Schizosaccharomyces_pombe	#050f07	343	Schizosaccharomyces pombe	outgroup	0	outgroup	outgroup	Leu
